scene,workload,triangles,rays,amortize_over,brute_seconds,bvh_build_seconds,bvh_query_seconds,amortized_speedup,best_method,best_leaf
clustered,camera,4000,1024,1,0.05958680005278438,0.030101199983619153,0.019660199992358685,1.1974502341483504,median,48
clustered,camera,4000,1024,5,0.05958680005278438,0.030101199983619153,0.019660199992358685,2.32031850225761,median,48
clustered,camera,4000,1024,10,0.05958680005278438,0.030101199983619153,0.019660199992358685,2.628405778002887,median,48
clustered,camera,4000,1024,30,0.05958680005278438,0.030101199983619153,0.019660199992358685,2.8836638811290105,median,48
clustered,directional,4000,1024,1,0.07021110004279763,0.03143099998123944,0.005404299939982593,1.9060819429448081,median,48
clustered,directional,4000,1024,5,0.07021110004279763,0.03143099998123944,0.005404299939982593,6.005825279140004,median,48
clustered,directional,4000,1024,10,0.07021110004279763,0.03143099998123944,0.005404299939982593,8.214322548518904,median,48
clustered,directional,4000,1024,30,0.07021110004279763,0.03143099998123944,0.005404299939982593,10.882067684859924,median,48
clustered,random,4000,1024,1,0.044939400046132505,0.03233049996197224,0.004895700025372207,1.207198157786996,median,48
clustered,random,4000,1024,5,0.044939400046132505,0.03233049996197224,0.004895700025372207,3.955306375385937,median,48
clustered,random,4000,1024,10,0.044939400046132505,0.03233049996197224,0.004895700025372207,5.528451474936116,median,48
clustered,random,4000,1024,30,0.044939400046132505,0.03233049996197224,0.004895700025372207,7.52327405710112,median,48
terrain,camera,32258,1024,1,2.1148065000306815,1.154299100046046,0.87131399998907,1.0440327918465866,median,48
terrain,camera,32258,1024,5,2.1148065000306815,1.154299100046046,0.87131399998907,1.9187595111213795,median,48
terrain,camera,32258,1024,10,2.1148065000306815,1.154299100046046,0.87131399998907,2.143217179870143,median,48
terrain,camera,32258,1024,30,2.1148065000306815,1.154299100046046,0.87131399998907,2.324497983185282,median,48
terrain,directional,32258,1024,1,1.4979959999909624,1.2976988999871537,0.25307119998615235,0.9659691014269285,median,48
terrain,directional,32258,1024,5,1.4979959999909624,1.2976988999871537,0.25307119998615235,2.9222862140778516,median,48
terrain,directional,32258,1024,10,1.4979959999909624,1.2976988999871537,0.25307119998615235,3.912840181418804,median,48
terrain,directional,32258,1024,30,1.4979959999909624,1.2976988999871537,0.25307119998615235,5.055198494394299,median,48
terrain,random,32258,1024,1,1.7738349999999627,1.1230717999860644,0.5655825000721961,1.0504429473449737,median,48
terrain,random,32258,1024,5,1.7738349999999627,1.1230717999860644,0.5655825000721961,2.244801377525283,median,48
terrain,random,32258,1024,10,1.7738349999999627,1.1230717999860644,0.5655825000721961,2.6167015845626884,median,48
terrain,random,32258,1024,30,1.7738349999999627,1.1230717999860644,0.5655825000721961,2.941594335538201,median,48
room,camera,2400,1024,1,3.2849784999853,0.07360350003000349,3.288426899933256,0.9770817360905476,median,8
room,camera,2400,1024,5,3.2849784999853,0.07360350003000349,3.288426899933256,0.9944994586514114,median,8
room,camera,2400,1024,10,3.2849784999853,0.07360350003000349,3.288426899933256,0.9967204345634976,median,8
room,camera,2400,1024,30,3.2849784999853,0.07360350003000349,3.288426899933256,0.9982066045187349,median,8
room,directional,2400,1024,1,0.5549583999672905,0.06345430004876107,0.43886779993772507,1.1047859530413262,median,8
room,directional,2400,1024,5,0.5549583999672905,0.06345430004876107,0.43886779993772507,1.2289840704900665,median,8
room,directional,2400,1024,10,0.5549583999672905,0.06345430004876107,0.43886779993772507,1.2465002444757496,median,8
room,directional,2400,1024,30,0.5549583999672905,0.06345430004876107,0.43886779993772507,1.258457744076803,median,8
room,random,2400,1024,1,0.28216910001356155,0.06107269995845854,0.2359461000887677,0.9500041747145178,median,8
room,random,2400,1024,5,0.28216910001356155,0.06107269995845854,0.2359461000887677,1.1370421188552537,median,8
room,random,2400,1024,10,0.28216910001356155,0.06107269995845854,0.2359461000887677,1.1657309291538676,median,8
room,random,2400,1024,30,0.28216910001356155,0.06107269995845854,0.2359461000887677,1.185674840352131,median,8
